act_code,act_name,chapter,section_number,section_title,url,is_repealed,scraped_at,source
ITA,Information Technology Act 2000,,,Sections,#tb1,False,2026-03-23T06:56:47.362767,indiacode
ITA,Information Technology Act 2000,,,Schedule,#tb10,False,2026-03-23T06:56:47.362767,indiacode
ITA,Information Technology Act 2000,,1,Schedule 1. THE FIRST SCHEDULE.,#collapsezain1,False,2026-03-23T06:56:47.362767,indiacode
ITA,Information Technology Act 2000,,2,Schedule 2. THE SECOND SCHEDULE.,#collapsezain2,False,2026-03-23T06:56:47.362767,indiacode
ITA,Information Technology Act 2000,,3,Schedule 3. THE THIRD SCHEDULE,#collapsezain3,False,2026-03-23T06:56:47.362767,indiacode
ITA,Information Technology Act 2000,,4,Schedule 4. THE FOURTH SCHEDULE,#collapsezain4,False,2026-03-23T06:56:47.362767,indiacode
ITA,Information Technology Act 2000,,1,"Section 1. Short title, extent, commencement and application.",https://indiacode.nic.in/show-data?abv=CEN&statehandle=123456789/1362&actid=AC_CEN_45_76_00001_200021_1517807324077&sectionId=13010&sectionno=1&orderno=1&orgactid=AC_CEN_45_76_00001_200021_1517807324077,False,2026-03-23T06:56:47.362767,indiacode
ITA,Information Technology Act 2000,,2,Section 2. Definitions.,https://indiacode.nic.in/show-data?abv=CEN&statehandle=123456789/1362&actid=AC_CEN_45_76_00001_200021_1517807324077&sectionId=13011&sectionno=2&orderno=2&orgactid=AC_CEN_45_76_00001_200021_1517807324077,False,2026-03-23T06:56:47.362767,indiacode
ITA,Information Technology Act 2000,,3,Section 3. Authentication of electronic records.,https://indiacode.nic.in/show-data?abv=CEN&statehandle=123456789/1362&actid=AC_CEN_45_76_00001_200021_1517807324077&sectionId=13012&sectionno=3&orderno=3&orgactid=AC_CEN_45_76_00001_200021_1517807324077,False,2026-03-23T06:56:47.362767,indiacode
ITA,Information Technology Act 2000,,3A,Section 3A. Electronic signature.,https://indiacode.nic.in/show-data?abv=CEN&statehandle=123456789/1362&actid=AC_CEN_45_76_00001_200021_1517807324077&sectionId=13013&sectionno=3A&orderno=4&orgactid=AC_CEN_45_76_00001_200021_1517807324077,False,2026-03-23T06:56:47.362767,indiacode
ITA,Information Technology Act 2000,,4,Section 4. Legal recognition of electronic records.,https://indiacode.nic.in/show-data?abv=CEN&statehandle=123456789/1362&actid=AC_CEN_45_76_00001_200021_1517807324077&sectionId=13014&sectionno=4&orderno=5&orgactid=AC_CEN_45_76_00001_200021_1517807324077,False,2026-03-23T06:56:47.362767,indiacode
ITA,Information Technology Act 2000,,5,Section 5. Legal recognition of electronic signatures.,https://indiacode.nic.in/show-data?abv=CEN&statehandle=123456789/1362&actid=AC_CEN_45_76_00001_200021_1517807324077&sectionId=13015&sectionno=5&orderno=6&orgactid=AC_CEN_45_76_00001_200021_1517807324077,False,2026-03-23T06:56:47.362767,indiacode
ITA,Information Technology Act 2000,,6,Section 6. Use of electronic records and electronic signatures in Government and its agencies.,https://indiacode.nic.in/show-data?abv=CEN&statehandle=123456789/1362&actid=AC_CEN_45_76_00001_200021_1517807324077&sectionId=13016&sectionno=6&orderno=7&orgactid=AC_CEN_45_76_00001_200021_1517807324077,False,2026-03-23T06:56:47.362767,indiacode
ITA,Information Technology Act 2000,,6A,Section 6A. Delivery of services by service provider.,https://indiacode.nic.in/show-data?abv=CEN&statehandle=123456789/1362&actid=AC_CEN_45_76_00001_200021_1517807324077&sectionId=13017&sectionno=6A&orderno=8&orgactid=AC_CEN_45_76_00001_200021_1517807324077,False,2026-03-23T06:56:47.362767,indiacode
ITA,Information Technology Act 2000,,7,Section 7. Retention of electronic records.,https://indiacode.nic.in/show-data?abv=CEN&statehandle=123456789/1362&actid=AC_CEN_45_76_00001_200021_1517807324077&sectionId=13018&sectionno=7&orderno=9&orgactid=AC_CEN_45_76_00001_200021_1517807324077,False,2026-03-23T06:56:47.362767,indiacode
ITA,Information Technology Act 2000,,7A,"Section 7A. Audit of documents, etc., maintained in electronic form.",https://indiacode.nic.in/show-data?abv=CEN&statehandle=123456789/1362&actid=AC_CEN_45_76_00001_200021_1517807324077&sectionId=13019&sectionno=7A&orderno=10&orgactid=AC_CEN_45_76_00001_200021_1517807324077,False,2026-03-23T06:56:47.362767,indiacode
ITA,Information Technology Act 2000,,8,"Section 8. Publication of rule, regulation, etc., in Electronic Gazette.",https://indiacode.nic.in/show-data?abv=CEN&statehandle=123456789/1362&actid=AC_CEN_45_76_00001_200021_1517807324077&sectionId=13020&sectionno=8&orderno=11&orgactid=AC_CEN_45_76_00001_200021_1517807324077,False,2026-03-23T06:56:47.362767,indiacode
ITA,Information Technology Act 2000,,9,"Section 9. Sections 6, 7 and 8 not to confer right to insist document should be accepted in electronic form.",https://indiacode.nic.in/show-data?abv=CEN&statehandle=123456789/1362&actid=AC_CEN_45_76_00001_200021_1517807324077&sectionId=13021&sectionno=9&orderno=12&orgactid=AC_CEN_45_76_00001_200021_1517807324077,False,2026-03-23T06:56:47.362767,indiacode
ITA,Information Technology Act 2000,,10,Section 10. Power to make rules by Central Government in respect of electronic signature.,https://indiacode.nic.in/show-data?abv=CEN&statehandle=123456789/1362&actid=AC_CEN_45_76_00001_200021_1517807324077&sectionId=13022&sectionno=10&orderno=13&orgactid=AC_CEN_45_76_00001_200021_1517807324077,False,2026-03-23T06:56:47.362767,indiacode
ITA,Information Technology Act 2000,,10A,Section 10A. Validity of contracts formed through electronic means.,https://indiacode.nic.in/show-data?abv=CEN&statehandle=123456789/1362&actid=AC_CEN_45_76_00001_200021_1517807324077&sectionId=13023&sectionno=10A&orderno=14&orgactid=AC_CEN_45_76_00001_200021_1517807324077,False,2026-03-23T06:56:47.362767,indiacode
ITA,Information Technology Act 2000,,11,Section 11. Attribution of electronic records.,https://indiacode.nic.in/show-data?abv=CEN&statehandle=123456789/1362&actid=AC_CEN_45_76_00001_200021_1517807324077&sectionId=13024&sectionno=11&orderno=15&orgactid=AC_CEN_45_76_00001_200021_1517807324077,False,2026-03-23T06:56:47.362767,indiacode
ITA,Information Technology Act 2000,,12,Section 12. Acknowledgment of receipt.,https://indiacode.nic.in/show-data?abv=CEN&statehandle=123456789/1362&actid=AC_CEN_45_76_00001_200021_1517807324077&sectionId=13025&sectionno=12&orderno=16&orgactid=AC_CEN_45_76_00001_200021_1517807324077,False,2026-03-23T06:56:47.362767,indiacode
ITA,Information Technology Act 2000,,13,Section 13. Time and place of despatch and receipt of electronic record.,https://indiacode.nic.in/show-data?abv=CEN&statehandle=123456789/1362&actid=AC_CEN_45_76_00001_200021_1517807324077&sectionId=13026&sectionno=13&orderno=17&orgactid=AC_CEN_45_76_00001_200021_1517807324077,False,2026-03-23T06:56:47.362767,indiacode
ITA,Information Technology Act 2000,,14,Section 14. Secure electronic record.,https://indiacode.nic.in/show-data?abv=CEN&statehandle=123456789/1362&actid=AC_CEN_45_76_00001_200021_1517807324077&sectionId=13027&sectionno=14&orderno=18&orgactid=AC_CEN_45_76_00001_200021_1517807324077,False,2026-03-23T06:56:47.362767,indiacode
ITA,Information Technology Act 2000,,15,Section 15. Secure electronic signature.,https://indiacode.nic.in/show-data?abv=CEN&statehandle=123456789/1362&actid=AC_CEN_45_76_00001_200021_1517807324077&sectionId=13028&sectionno=15&orderno=19&orgactid=AC_CEN_45_76_00001_200021_1517807324077,False,2026-03-23T06:56:47.362767,indiacode
ITA,Information Technology Act 2000,,16,Section 16. Security procedures and practices.,https://indiacode.nic.in/show-data?abv=CEN&statehandle=123456789/1362&actid=AC_CEN_45_76_00001_200021_1517807324077&sectionId=13029&sectionno=16&orderno=20&orgactid=AC_CEN_45_76_00001_200021_1517807324077,False,2026-03-23T06:56:47.362767,indiacode
ITA,Information Technology Act 2000,,17,Section 17. Appointment of Controller and other officers.,https://indiacode.nic.in/show-data?abv=CEN&statehandle=123456789/1362&actid=AC_CEN_45_76_00001_200021_1517807324077&sectionId=13030&sectionno=17&orderno=21&orgactid=AC_CEN_45_76_00001_200021_1517807324077,False,2026-03-23T06:56:47.362767,indiacode
ITA,Information Technology Act 2000,,18,Section 18. Functions of Controller.,https://indiacode.nic.in/show-data?abv=CEN&statehandle=123456789/1362&actid=AC_CEN_45_76_00001_200021_1517807324077&sectionId=13031&sectionno=18&orderno=22&orgactid=AC_CEN_45_76_00001_200021_1517807324077,False,2026-03-23T06:56:47.362767,indiacode
ITA,Information Technology Act 2000,,19,Section 19. Recognition of foreign Certifying Authorities.,https://indiacode.nic.in/show-data?abv=CEN&statehandle=123456789/1362&actid=AC_CEN_45_76_00001_200021_1517807324077&sectionId=13032&sectionno=19&orderno=23&orgactid=AC_CEN_45_76_00001_200021_1517807324077,False,2026-03-23T06:56:47.362767,indiacode
ITA,Information Technology Act 2000,,20,Section 20. [Omitted.].,https://indiacode.nic.in/show-data?abv=CEN&statehandle=123456789/1362&actid=AC_CEN_45_76_00001_200021_1517807324077&sectionId=13033&sectionno=20&orderno=24&orgactid=AC_CEN_45_76_00001_200021_1517807324077,False,2026-03-23T06:56:47.362767,indiacode
ITA,Information Technology Act 2000,,21,Section 21. Licence to issue electronic signature Certificates.,https://indiacode.nic.in/show-data?abv=CEN&statehandle=123456789/1362&actid=AC_CEN_45_76_00001_200021_1517807324077&sectionId=13034&sectionno=21&orderno=25&orgactid=AC_CEN_45_76_00001_200021_1517807324077,False,2026-03-23T06:56:47.362767,indiacode
ITA,Information Technology Act 2000,,22,Section 22. Application for licence.,https://indiacode.nic.in/show-data?abv=CEN&statehandle=123456789/1362&actid=AC_CEN_45_76_00001_200021_1517807324077&sectionId=13035&sectionno=22&orderno=26&orgactid=AC_CEN_45_76_00001_200021_1517807324077,False,2026-03-23T06:56:47.362767,indiacode
ITA,Information Technology Act 2000,,23,Section 23. Renewal of licence.,https://indiacode.nic.in/show-data?abv=CEN&statehandle=123456789/1362&actid=AC_CEN_45_76_00001_200021_1517807324077&sectionId=13036&sectionno=23&orderno=27&orgactid=AC_CEN_45_76_00001_200021_1517807324077,False,2026-03-23T06:56:47.362767,indiacode
ITA,Information Technology Act 2000,,24,Section 24. Procedure for grant or rejection of licence.,https://indiacode.nic.in/show-data?abv=CEN&statehandle=123456789/1362&actid=AC_CEN_45_76_00001_200021_1517807324077&sectionId=13037&sectionno=24&orderno=28&orgactid=AC_CEN_45_76_00001_200021_1517807324077,False,2026-03-23T06:56:47.362767,indiacode
ITA,Information Technology Act 2000,,25,Section 25. Suspension of licence.,https://indiacode.nic.in/show-data?abv=CEN&statehandle=123456789/1362&actid=AC_CEN_45_76_00001_200021_1517807324077&sectionId=13038&sectionno=25&orderno=29&orgactid=AC_CEN_45_76_00001_200021_1517807324077,False,2026-03-23T06:56:47.362767,indiacode
ITA,Information Technology Act 2000,,26,Section 26. Notice of suspension or revocation of licence.,https://indiacode.nic.in/show-data?abv=CEN&statehandle=123456789/1362&actid=AC_CEN_45_76_00001_200021_1517807324077&sectionId=13039&sectionno=26&orderno=30&orgactid=AC_CEN_45_76_00001_200021_1517807324077,False,2026-03-23T06:56:47.362767,indiacode
ITA,Information Technology Act 2000,,27,Section 27. Power to delegate.,https://indiacode.nic.in/show-data?abv=CEN&statehandle=123456789/1362&actid=AC_CEN_45_76_00001_200021_1517807324077&sectionId=13040&sectionno=27&orderno=31&orgactid=AC_CEN_45_76_00001_200021_1517807324077,False,2026-03-23T06:56:47.362767,indiacode
ITA,Information Technology Act 2000,,28,Section 28. Power to investigate contraventions.,https://indiacode.nic.in/show-data?abv=CEN&statehandle=123456789/1362&actid=AC_CEN_45_76_00001_200021_1517807324077&sectionId=13041&sectionno=28&orderno=32&orgactid=AC_CEN_45_76_00001_200021_1517807324077,False,2026-03-23T06:56:47.362767,indiacode
ITA,Information Technology Act 2000,,29,Section 29. Access to computers and data.,https://indiacode.nic.in/show-data?abv=CEN&statehandle=123456789/1362&actid=AC_CEN_45_76_00001_200021_1517807324077&sectionId=13042&sectionno=29&orderno=33&orgactid=AC_CEN_45_76_00001_200021_1517807324077,False,2026-03-23T06:56:47.362767,indiacode
ITA,Information Technology Act 2000,,30,Section 30. Certifying Authority to follow certain procedures.,https://indiacode.nic.in/show-data?abv=CEN&statehandle=123456789/1362&actid=AC_CEN_45_76_00001_200021_1517807324077&sectionId=13043&sectionno=30&orderno=34&orgactid=AC_CEN_45_76_00001_200021_1517807324077,False,2026-03-23T06:56:47.362767,indiacode
ITA,Information Technology Act 2000,,31,"Section 31. Certifying Authority to ensure compliance of the Act, etc.",https://indiacode.nic.in/show-data?abv=CEN&statehandle=123456789/1362&actid=AC_CEN_45_76_00001_200021_1517807324077&sectionId=13044&sectionno=31&orderno=35&orgactid=AC_CEN_45_76_00001_200021_1517807324077,False,2026-03-23T06:56:47.362767,indiacode
ITA,Information Technology Act 2000,,32,Section 32. Display of licence.,https://indiacode.nic.in/show-data?abv=CEN&statehandle=123456789/1362&actid=AC_CEN_45_76_00001_200021_1517807324077&sectionId=13045&sectionno=32&orderno=36&orgactid=AC_CEN_45_76_00001_200021_1517807324077,False,2026-03-23T06:56:47.362767,indiacode
ITA,Information Technology Act 2000,,33,Section 33. Surrender of licence.,https://indiacode.nic.in/show-data?abv=CEN&statehandle=123456789/1362&actid=AC_CEN_45_76_00001_200021_1517807324077&sectionId=13046&sectionno=33&orderno=37&orgactid=AC_CEN_45_76_00001_200021_1517807324077,False,2026-03-23T06:56:47.362767,indiacode
ITA,Information Technology Act 2000,,34,Section 34. Disclosure.,https://indiacode.nic.in/show-data?abv=CEN&statehandle=123456789/1362&actid=AC_CEN_45_76_00001_200021_1517807324077&sectionId=13047&sectionno=34&orderno=38&orgactid=AC_CEN_45_76_00001_200021_1517807324077,False,2026-03-23T06:56:47.362767,indiacode
ITA,Information Technology Act 2000,,35,Section 35. Certifying authority to issue electronic signature Certificate.,https://indiacode.nic.in/show-data?abv=CEN&statehandle=123456789/1362&actid=AC_CEN_45_76_00001_200021_1517807324077&sectionId=13048&sectionno=35&orderno=39&orgactid=AC_CEN_45_76_00001_200021_1517807324077,False,2026-03-23T06:56:47.362767,indiacode
ITA,Information Technology Act 2000,,36,Section 36. Representations upon issuance of Digital signature Certificate.,https://indiacode.nic.in/show-data?abv=CEN&statehandle=123456789/1362&actid=AC_CEN_45_76_00001_200021_1517807324077&sectionId=13049&sectionno=36&orderno=40&orgactid=AC_CEN_45_76_00001_200021_1517807324077,False,2026-03-23T06:56:47.362767,indiacode
ITA,Information Technology Act 2000,,37,Section 37. Suspension of Digital Signature Certificate.,https://indiacode.nic.in/show-data?abv=CEN&statehandle=123456789/1362&actid=AC_CEN_45_76_00001_200021_1517807324077&sectionId=13050&sectionno=37&orderno=41&orgactid=AC_CEN_45_76_00001_200021_1517807324077,False,2026-03-23T06:56:47.362767,indiacode
ITA,Information Technology Act 2000,,38,Section 38. Revocation of Digital Signature Certificate.,https://indiacode.nic.in/show-data?abv=CEN&statehandle=123456789/1362&actid=AC_CEN_45_76_00001_200021_1517807324077&sectionId=13051&sectionno=38&orderno=42&orgactid=AC_CEN_45_76_00001_200021_1517807324077,False,2026-03-23T06:56:47.362767,indiacode
ITA,Information Technology Act 2000,,39,Section 39. Notice of suspension or revocation.,https://indiacode.nic.in/show-data?abv=CEN&statehandle=123456789/1362&actid=AC_CEN_45_76_00001_200021_1517807324077&sectionId=13052&sectionno=39&orderno=43&orgactid=AC_CEN_45_76_00001_200021_1517807324077,False,2026-03-23T06:56:47.362767,indiacode
ITA,Information Technology Act 2000,,40,Section 40. Generating key pair.,https://indiacode.nic.in/show-data?abv=CEN&statehandle=123456789/1362&actid=AC_CEN_45_76_00001_200021_1517807324077&sectionId=13053&sectionno=40&orderno=44&orgactid=AC_CEN_45_76_00001_200021_1517807324077,False,2026-03-23T06:56:47.362767,indiacode
ITA,Information Technology Act 2000,,40A,Section 40A. Duties of subscriber of Electronic Signature Certificate.,https://indiacode.nic.in/show-data?abv=CEN&statehandle=123456789/1362&actid=AC_CEN_45_76_00001_200021_1517807324077&sectionId=13054&sectionno=40A&orderno=45&orgactid=AC_CEN_45_76_00001_200021_1517807324077,False,2026-03-23T06:56:47.362767,indiacode
ITA,Information Technology Act 2000,,41,Section 41. Acceptance of Digital Signature Certificate.,https://indiacode.nic.in/show-data?abv=CEN&statehandle=123456789/1362&actid=AC_CEN_45_76_00001_200021_1517807324077&sectionId=13055&sectionno=41&orderno=46&orgactid=AC_CEN_45_76_00001_200021_1517807324077,False,2026-03-23T06:56:47.362767,indiacode
ITA,Information Technology Act 2000,,42,Section 42. Control of private key.,https://indiacode.nic.in/show-data?abv=CEN&statehandle=123456789/1362&actid=AC_CEN_45_76_00001_200021_1517807324077&sectionId=13056&sectionno=42&orderno=47&orgactid=AC_CEN_45_76_00001_200021_1517807324077,False,2026-03-23T06:56:47.362767,indiacode
ITA,Information Technology Act 2000,,43,"Section 43. Penalty and compensation for damage to computer, computer system, etc.",https://indiacode.nic.in/show-data?abv=CEN&statehandle=123456789/1362&actid=AC_CEN_45_76_00001_200021_1517807324077&sectionId=13057&sectionno=43&orderno=48&orgactid=AC_CEN_45_76_00001_200021_1517807324077,False,2026-03-23T06:56:47.362767,indiacode
ITA,Information Technology Act 2000,,43A,Section 43A. Compensation for failure to protect data.,https://indiacode.nic.in/show-data?abv=CEN&statehandle=123456789/1362&actid=AC_CEN_45_76_00001_200021_1517807324077&sectionId=13058&sectionno=43A&orderno=49&orgactid=AC_CEN_45_76_00001_200021_1517807324077,False,2026-03-23T06:56:47.362767,indiacode
ITA,Information Technology Act 2000,,44,"Section 44. Penalty for failure to furnish information, return, etc.",https://indiacode.nic.in/show-data?abv=CEN&statehandle=123456789/1362&actid=AC_CEN_45_76_00001_200021_1517807324077&sectionId=13059&sectionno=44&orderno=50&orgactid=AC_CEN_45_76_00001_200021_1517807324077,False,2026-03-23T06:56:47.363783,indiacode
ITA,Information Technology Act 2000,,45,Section 45. Residuary penalty.,https://indiacode.nic.in/show-data?abv=CEN&statehandle=123456789/1362&actid=AC_CEN_45_76_00001_200021_1517807324077&sectionId=13060&sectionno=45&orderno=51&orgactid=AC_CEN_45_76_00001_200021_1517807324077,False,2026-03-23T06:56:47.363783,indiacode
ITA,Information Technology Act 2000,,46,Section 46. Power to adjudicate.,https://indiacode.nic.in/show-data?abv=CEN&statehandle=123456789/1362&actid=AC_CEN_45_76_00001_200021_1517807324077&sectionId=13061&sectionno=46&orderno=52&orgactid=AC_CEN_45_76_00001_200021_1517807324077,False,2026-03-23T06:56:47.363783,indiacode
ITA,Information Technology Act 2000,,47,Section 47. Factors to be taken into account by the adjudicating officer.,https://indiacode.nic.in/show-data?abv=CEN&statehandle=123456789/1362&actid=AC_CEN_45_76_00001_200021_1517807324077&sectionId=13062&sectionno=47&orderno=53&orgactid=AC_CEN_45_76_00001_200021_1517807324077,False,2026-03-23T06:56:47.363783,indiacode
ITA,Information Technology Act 2000,,48,Section 48. Appellate Tribunal.,https://indiacode.nic.in/show-data?abv=CEN&statehandle=123456789/1362&actid=AC_CEN_45_76_00001_200021_1517807324077&sectionId=13063&sectionno=48&orderno=54&orgactid=AC_CEN_45_76_00001_200021_1517807324077,False,2026-03-23T06:56:47.363783,indiacode
ITA,Information Technology Act 2000,,49,Section 49. [Omitted.].,https://indiacode.nic.in/show-data?abv=CEN&statehandle=123456789/1362&actid=AC_CEN_45_76_00001_200021_1517807324077&sectionId=13064&sectionno=49&orderno=55&orgactid=AC_CEN_45_76_00001_200021_1517807324077,False,2026-03-23T06:56:47.363783,indiacode
ITA,Information Technology Act 2000,,50,Section 50. [Omitted.].,https://indiacode.nic.in/show-data?abv=CEN&statehandle=123456789/1362&actid=AC_CEN_45_76_00001_200021_1517807324077&sectionId=13065&sectionno=50&orderno=56&orgactid=AC_CEN_45_76_00001_200021_1517807324077,False,2026-03-23T06:56:47.363783,indiacode
ITA,Information Technology Act 2000,,51,Section 51. [Omitted.].,https://indiacode.nic.in/show-data?abv=CEN&statehandle=123456789/1362&actid=AC_CEN_45_76_00001_200021_1517807324077&sectionId=13066&sectionno=51&orderno=57&orgactid=AC_CEN_45_76_00001_200021_1517807324077,False,2026-03-23T06:56:47.363783,indiacode
ITA,Information Technology Act 2000,,52,Section 52. [Omitted.].,https://indiacode.nic.in/show-data?abv=CEN&statehandle=123456789/1362&actid=AC_CEN_45_76_00001_200021_1517807324077&sectionId=13067&sectionno=52&orderno=58&orgactid=AC_CEN_45_76_00001_200021_1517807324077,False,2026-03-23T06:56:47.363783,indiacode
ITA,Information Technology Act 2000,,52A,Section 52A. [Omitted.].,https://indiacode.nic.in/show-data?abv=CEN&statehandle=123456789/1362&actid=AC_CEN_45_76_00001_200021_1517807324077&sectionId=13068&sectionno=52A&orderno=59&orgactid=AC_CEN_45_76_00001_200021_1517807324077,False,2026-03-23T06:56:47.363783,indiacode
ITA,Information Technology Act 2000,,52B,Section 52B. [Omitted.].,https://indiacode.nic.in/show-data?abv=CEN&statehandle=123456789/1362&actid=AC_CEN_45_76_00001_200021_1517807324077&sectionId=13069&sectionno=52B&orderno=60&orgactid=AC_CEN_45_76_00001_200021_1517807324077,False,2026-03-23T06:56:47.363783,indiacode
ITA,Information Technology Act 2000,,52C,Section 52C. [Omitted.].,https://indiacode.nic.in/show-data?abv=CEN&statehandle=123456789/1362&actid=AC_CEN_45_76_00001_200021_1517807324077&sectionId=13070&sectionno=52C&orderno=61&orgactid=AC_CEN_45_76_00001_200021_1517807324077,False,2026-03-23T06:56:47.363783,indiacode
ITA,Information Technology Act 2000,,52D,Section 52D. Decision by majority.,https://indiacode.nic.in/show-data?abv=CEN&statehandle=123456789/1362&actid=AC_CEN_45_76_00001_200021_1517807324077&sectionId=13071&sectionno=52D&orderno=62&orgactid=AC_CEN_45_76_00001_200021_1517807324077,False,2026-03-23T06:56:47.363783,indiacode
ITA,Information Technology Act 2000,,53,Section 53. [Omitted.].,https://indiacode.nic.in/show-data?abv=CEN&statehandle=123456789/1362&actid=AC_CEN_45_76_00001_200021_1517807324077&sectionId=13072&sectionno=53&orderno=63&orgactid=AC_CEN_45_76_00001_200021_1517807324077,False,2026-03-23T06:56:47.363783,indiacode
ITA,Information Technology Act 2000,,54,Section 54. [Omitted.].,https://indiacode.nic.in/show-data?abv=CEN&statehandle=123456789/1362&actid=AC_CEN_45_76_00001_200021_1517807324077&sectionId=13073&sectionno=54&orderno=64&orgactid=AC_CEN_45_76_00001_200021_1517807324077,False,2026-03-23T06:56:47.363783,indiacode
ITA,Information Technology Act 2000,,55,Section 55. Orders constituting Appellate Tribunal to be final and not to invalidate its proceedings.,https://indiacode.nic.in/show-data?abv=CEN&statehandle=123456789/1362&actid=AC_CEN_45_76_00001_200021_1517807324077&sectionId=13074&sectionno=55&orderno=65&orgactid=AC_CEN_45_76_00001_200021_1517807324077,False,2026-03-23T06:56:47.363783,indiacode
ITA,Information Technology Act 2000,,56,Section 56. [Omitted.].,https://indiacode.nic.in/show-data?abv=CEN&statehandle=123456789/1362&actid=AC_CEN_45_76_00001_200021_1517807324077&sectionId=13075&sectionno=56&orderno=66&orgactid=AC_CEN_45_76_00001_200021_1517807324077,False,2026-03-23T06:56:47.363783,indiacode
ITA,Information Technology Act 2000,,57,Section 57. Appeal to Appellate Tribunal.,https://indiacode.nic.in/show-data?abv=CEN&statehandle=123456789/1362&actid=AC_CEN_45_76_00001_200021_1517807324077&sectionId=13076&sectionno=57&orderno=67&orgactid=AC_CEN_45_76_00001_200021_1517807324077,False,2026-03-23T06:56:47.363783,indiacode
ITA,Information Technology Act 2000,,58,Section 58. Procedure and powers of the Appellate Tribunal.,https://indiacode.nic.in/show-data?abv=CEN&statehandle=123456789/1362&actid=AC_CEN_45_76_00001_200021_1517807324077&sectionId=13077&sectionno=58&orderno=68&orgactid=AC_CEN_45_76_00001_200021_1517807324077,False,2026-03-23T06:56:47.363783,indiacode
ITA,Information Technology Act 2000,,59,Section 59. Right to legal representation.,https://indiacode.nic.in/show-data?abv=CEN&statehandle=123456789/1362&actid=AC_CEN_45_76_00001_200021_1517807324077&sectionId=13078&sectionno=59&orderno=69&orgactid=AC_CEN_45_76_00001_200021_1517807324077,False,2026-03-23T06:56:47.363783,indiacode
ITA,Information Technology Act 2000,,60,Section 60. Limitation.,https://indiacode.nic.in/show-data?abv=CEN&statehandle=123456789/1362&actid=AC_CEN_45_76_00001_200021_1517807324077&sectionId=13079&sectionno=60&orderno=70&orgactid=AC_CEN_45_76_00001_200021_1517807324077,False,2026-03-23T06:56:47.363783,indiacode
ITA,Information Technology Act 2000,,61,Section 61. Civil court not to have jurisdiction.,https://indiacode.nic.in/show-data?abv=CEN&statehandle=123456789/1362&actid=AC_CEN_45_76_00001_200021_1517807324077&sectionId=13080&sectionno=61&orderno=71&orgactid=AC_CEN_45_76_00001_200021_1517807324077,False,2026-03-23T06:56:47.363783,indiacode
ITA,Information Technology Act 2000,,62,Section 62. Appeal to High Court.,https://indiacode.nic.in/show-data?abv=CEN&statehandle=123456789/1362&actid=AC_CEN_45_76_00001_200021_1517807324077&sectionId=13081&sectionno=62&orderno=72&orgactid=AC_CEN_45_76_00001_200021_1517807324077,False,2026-03-23T06:56:47.363783,indiacode
ITA,Information Technology Act 2000,,63,Section 63. Compounding of contraventions.,https://indiacode.nic.in/show-data?abv=CEN&statehandle=123456789/1362&actid=AC_CEN_45_76_00001_200021_1517807324077&sectionId=13082&sectionno=63&orderno=73&orgactid=AC_CEN_45_76_00001_200021_1517807324077,False,2026-03-23T06:56:47.363783,indiacode
ITA,Information Technology Act 2000,,64,Section 64. Recovery of penalty or compensation.,https://indiacode.nic.in/show-data?abv=CEN&statehandle=123456789/1362&actid=AC_CEN_45_76_00001_200021_1517807324077&sectionId=13083&sectionno=64&orderno=74&orgactid=AC_CEN_45_76_00001_200021_1517807324077,False,2026-03-23T06:56:47.363783,indiacode
ITA,Information Technology Act 2000,,65,Section 65. Tampering with computer source documents.,https://indiacode.nic.in/show-data?abv=CEN&statehandle=123456789/1362&actid=AC_CEN_45_76_00001_200021_1517807324077&sectionId=13084&sectionno=65&orderno=75&orgactid=AC_CEN_45_76_00001_200021_1517807324077,False,2026-03-23T06:56:47.363783,indiacode
ITA,Information Technology Act 2000,,66,Section 66. Computer related offences.,https://indiacode.nic.in/show-data?abv=CEN&statehandle=123456789/1362&actid=AC_CEN_45_76_00001_200021_1517807324077&sectionId=13085&sectionno=66&orderno=76&orgactid=AC_CEN_45_76_00001_200021_1517807324077,False,2026-03-23T06:56:47.363783,indiacode
ITA,Information Technology Act 2000,,66A,Section 66A. Omitted.,https://indiacode.nic.in/show-data?abv=CEN&statehandle=123456789/1362&actid=AC_CEN_45_76_00001_200021_1517807324077&sectionId=13086&sectionno=66A&orderno=77&orgactid=AC_CEN_45_76_00001_200021_1517807324077,False,2026-03-23T06:56:47.363783,indiacode
ITA,Information Technology Act 2000,,66B,Section 66B. Punishment for dishonestly receiving stolen computer resource or communication device.,https://indiacode.nic.in/show-data?abv=CEN&statehandle=123456789/1362&actid=AC_CEN_45_76_00001_200021_1517807324077&sectionId=13087&sectionno=66B&orderno=78&orgactid=AC_CEN_45_76_00001_200021_1517807324077,False,2026-03-23T06:56:47.363783,indiacode
ITA,Information Technology Act 2000,,66C,Section 66C. Punishment for identity theft.,https://indiacode.nic.in/show-data?abv=CEN&statehandle=123456789/1362&actid=AC_CEN_45_76_00001_200021_1517807324077&sectionId=13088&sectionno=66C&orderno=79&orgactid=AC_CEN_45_76_00001_200021_1517807324077,False,2026-03-23T06:56:47.363783,indiacode
ITA,Information Technology Act 2000,,66D,Section 66D. Punishment for cheating by personation by using computer resource.,https://indiacode.nic.in/show-data?abv=CEN&statehandle=123456789/1362&actid=AC_CEN_45_76_00001_200021_1517807324077&sectionId=13089&sectionno=66D&orderno=80&orgactid=AC_CEN_45_76_00001_200021_1517807324077,False,2026-03-23T06:56:47.363783,indiacode
ITA,Information Technology Act 2000,,66E,Section 66E. Punishment for violation of privacy.,https://indiacode.nic.in/show-data?abv=CEN&statehandle=123456789/1362&actid=AC_CEN_45_76_00001_200021_1517807324077&sectionId=13090&sectionno=66E&orderno=81&orgactid=AC_CEN_45_76_00001_200021_1517807324077,False,2026-03-23T06:56:47.363783,indiacode
ITA,Information Technology Act 2000,,66F,Section 66F. Punishment for cyber terrorism.,https://indiacode.nic.in/show-data?abv=CEN&statehandle=123456789/1362&actid=AC_CEN_45_76_00001_200021_1517807324077&sectionId=13091&sectionno=66F&orderno=82&orgactid=AC_CEN_45_76_00001_200021_1517807324077,False,2026-03-23T06:56:47.363783,indiacode
ITA,Information Technology Act 2000,,67,Section 67. Punishment for publishing or transmitting obscene material in electronic form.,https://indiacode.nic.in/show-data?abv=CEN&statehandle=123456789/1362&actid=AC_CEN_45_76_00001_200021_1517807324077&sectionId=13092&sectionno=67&orderno=83&orgactid=AC_CEN_45_76_00001_200021_1517807324077,False,2026-03-23T06:56:47.363783,indiacode
ITA,Information Technology Act 2000,,67A,"Section 67A. Punishment for publishing or transmitting of material containing sexually explicit act, etc., in electronic form.",https://indiacode.nic.in/show-data?abv=CEN&statehandle=123456789/1362&actid=AC_CEN_45_76_00001_200021_1517807324077&sectionId=13093&sectionno=67A&orderno=84&orgactid=AC_CEN_45_76_00001_200021_1517807324077,False,2026-03-23T06:56:47.363783,indiacode
ITA,Information Technology Act 2000,,67B,"Section 67B. Punishment for publishing or transmitting of material depicting children in sexually explicit act, etc., in electronic form.",https://indiacode.nic.in/show-data?abv=CEN&statehandle=123456789/1362&actid=AC_CEN_45_76_00001_200021_1517807324077&sectionId=13094&sectionno=67B&orderno=85&orgactid=AC_CEN_45_76_00001_200021_1517807324077,False,2026-03-23T06:56:47.363783,indiacode
ITA,Information Technology Act 2000,,67C,Section 67C. Preservation and retention of information by intermediaries.,https://indiacode.nic.in/show-data?abv=CEN&statehandle=123456789/1362&actid=AC_CEN_45_76_00001_200021_1517807324077&sectionId=13095&sectionno=67C&orderno=86&orgactid=AC_CEN_45_76_00001_200021_1517807324077,False,2026-03-23T06:56:47.363783,indiacode
ITA,Information Technology Act 2000,,68,Section 68. Power of Controller to give directions.,https://indiacode.nic.in/show-data?abv=CEN&statehandle=123456789/1362&actid=AC_CEN_45_76_00001_200021_1517807324077&sectionId=13096&sectionno=68&orderno=87&orgactid=AC_CEN_45_76_00001_200021_1517807324077,False,2026-03-23T06:56:47.363783,indiacode
ITA,Information Technology Act 2000,,69,Section 69. Power to issue directions for interception or monitoring or decryption of any information through any computer resource.,https://indiacode.nic.in/show-data?abv=CEN&statehandle=123456789/1362&actid=AC_CEN_45_76_00001_200021_1517807324077&sectionId=13097&sectionno=69&orderno=88&orgactid=AC_CEN_45_76_00001_200021_1517807324077,False,2026-03-23T06:56:47.363783,indiacode
ITA,Information Technology Act 2000,,69A,Section 69A. Power to issue directions for blocking for public access of any information through any computer resource.,https://indiacode.nic.in/show-data?abv=CEN&statehandle=123456789/1362&actid=AC_CEN_45_76_00001_200021_1517807324077&sectionId=13098&sectionno=69A&orderno=89&orgactid=AC_CEN_45_76_00001_200021_1517807324077,False,2026-03-23T06:56:47.363783,indiacode
ITA,Information Technology Act 2000,,69B,Section 69B. Power to authorise to monitor and collect traffic data or information through any computer resource for cyber security.,https://indiacode.nic.in/show-data?abv=CEN&statehandle=123456789/1362&actid=AC_CEN_45_76_00001_200021_1517807324077&sectionId=13099&sectionno=69B&orderno=90&orgactid=AC_CEN_45_76_00001_200021_1517807324077,False,2026-03-23T06:56:47.363783,indiacode
ITA,Information Technology Act 2000,,70,Section 70. Protected system.,https://indiacode.nic.in/show-data?abv=CEN&statehandle=123456789/1362&actid=AC_CEN_45_76_00001_200021_1517807324077&sectionId=13100&sectionno=70&orderno=91&orgactid=AC_CEN_45_76_00001_200021_1517807324077,False,2026-03-23T06:56:47.363783,indiacode
ITA,Information Technology Act 2000,,70A,Section 70A. National nodal agency.,https://indiacode.nic.in/show-data?abv=CEN&statehandle=123456789/1362&actid=AC_CEN_45_76_00001_200021_1517807324077&sectionId=13101&sectionno=70A&orderno=92&orgactid=AC_CEN_45_76_00001_200021_1517807324077,False,2026-03-23T06:56:47.363783,indiacode
ITA,Information Technology Act 2000,,70B,Section 70B. Indian Computer Emergency Response Team to serve as national agency for incident response.,https://indiacode.nic.in/show-data?abv=CEN&statehandle=123456789/1362&actid=AC_CEN_45_76_00001_200021_1517807324077&sectionId=13102&sectionno=70B&orderno=93&orgactid=AC_CEN_45_76_00001_200021_1517807324077,False,2026-03-23T06:56:47.363783,indiacode
ITA,Information Technology Act 2000,,71,Section 71. Penalty for misrepresentation.,https://indiacode.nic.in/show-data?abv=CEN&statehandle=123456789/1362&actid=AC_CEN_45_76_00001_200021_1517807324077&sectionId=13103&sectionno=71&orderno=94&orgactid=AC_CEN_45_76_00001_200021_1517807324077,False,2026-03-23T06:56:47.363783,indiacode
ITA,Information Technology Act 2000,,72,Section 72. Penalty for Breach of confidentiality and privacy.,https://indiacode.nic.in/show-data?abv=CEN&statehandle=123456789/1362&actid=AC_CEN_45_76_00001_200021_1517807324077&sectionId=13104&sectionno=72&orderno=95&orgactid=AC_CEN_45_76_00001_200021_1517807324077,False,2026-03-23T06:56:47.363783,indiacode
ITA,Information Technology Act 2000,,72A,Section 72A. Punishment for disclosure of information in breach of lawful contract.,https://indiacode.nic.in/show-data?abv=CEN&statehandle=123456789/1362&actid=AC_CEN_45_76_00001_200021_1517807324077&sectionId=13105&sectionno=72A&orderno=96&orgactid=AC_CEN_45_76_00001_200021_1517807324077,False,2026-03-23T06:56:47.363783,indiacode
ITA,Information Technology Act 2000,,73,Section 73. Penalty for publishing electronic signature Certificate false in certain particulars.,https://indiacode.nic.in/show-data?abv=CEN&statehandle=123456789/1362&actid=AC_CEN_45_76_00001_200021_1517807324077&sectionId=13106&sectionno=73&orderno=97&orgactid=AC_CEN_45_76_00001_200021_1517807324077,False,2026-03-23T06:56:47.363783,indiacode
ITA,Information Technology Act 2000,,74,Section 74. Publication for fraudulent purpose.,https://indiacode.nic.in/show-data?abv=CEN&statehandle=123456789/1362&actid=AC_CEN_45_76_00001_200021_1517807324077&sectionId=13107&sectionno=74&orderno=98&orgactid=AC_CEN_45_76_00001_200021_1517807324077,False,2026-03-23T06:56:47.363783,indiacode
ITA,Information Technology Act 2000,,75,Section 75. Act to apply for offence or contravention committed outside India.,https://indiacode.nic.in/show-data?abv=CEN&statehandle=123456789/1362&actid=AC_CEN_45_76_00001_200021_1517807324077&sectionId=13108&sectionno=75&orderno=99&orgactid=AC_CEN_45_76_00001_200021_1517807324077,False,2026-03-23T06:56:47.363783,indiacode
ITA,Information Technology Act 2000,,76,Section 76. Confiscation.,https://indiacode.nic.in/show-data?abv=CEN&statehandle=123456789/1362&actid=AC_CEN_45_76_00001_200021_1517807324077&sectionId=13109&sectionno=76&orderno=100&orgactid=AC_CEN_45_76_00001_200021_1517807324077,False,2026-03-23T06:56:47.363783,indiacode
ITA,Information Technology Act 2000,,77,"Section 77. Compensation, penalties or confiscation not to interfere with other punishment.",https://indiacode.nic.in/show-data?abv=CEN&statehandle=123456789/1362&actid=AC_CEN_45_76_00001_200021_1517807324077&sectionId=13110&sectionno=77&orderno=101&orgactid=AC_CEN_45_76_00001_200021_1517807324077,False,2026-03-23T06:56:47.363783,indiacode
ITA,Information Technology Act 2000,,77A,Section 77A. Compounding of offences.,https://indiacode.nic.in/show-data?abv=CEN&statehandle=123456789/1362&actid=AC_CEN_45_76_00001_200021_1517807324077&sectionId=13111&sectionno=77A&orderno=102&orgactid=AC_CEN_45_76_00001_200021_1517807324077,False,2026-03-23T06:56:47.363783,indiacode
ITA,Information Technology Act 2000,,77B,Section 77B. Offences with three years imprisonment to be bailable.,https://indiacode.nic.in/show-data?abv=CEN&statehandle=123456789/1362&actid=AC_CEN_45_76_00001_200021_1517807324077&sectionId=13112&sectionno=77B&orderno=103&orgactid=AC_CEN_45_76_00001_200021_1517807324077,False,2026-03-23T06:56:47.363783,indiacode
ITA,Information Technology Act 2000,,78,Section 78. Power to investigate offences.,https://indiacode.nic.in/show-data?abv=CEN&statehandle=123456789/1362&actid=AC_CEN_45_76_00001_200021_1517807324077&sectionId=13113&sectionno=78&orderno=104&orgactid=AC_CEN_45_76_00001_200021_1517807324077,False,2026-03-23T06:56:47.363783,indiacode
ITA,Information Technology Act 2000,,79,Section 79. Exemption from liability of intermediary in certain cases.,https://indiacode.nic.in/show-data?abv=CEN&statehandle=123456789/1362&actid=AC_CEN_45_76_00001_200021_1517807324077&sectionId=13114&sectionno=79&orderno=105&orgactid=AC_CEN_45_76_00001_200021_1517807324077,False,2026-03-23T06:56:47.363783,indiacode
ITA,Information Technology Act 2000,,79A,Section 79A. Central Government to notify Examiner of Electronic Evidence.,https://indiacode.nic.in/show-data?abv=CEN&statehandle=123456789/1362&actid=AC_CEN_45_76_00001_200021_1517807324077&sectionId=13115&sectionno=79A&orderno=106&orgactid=AC_CEN_45_76_00001_200021_1517807324077,False,2026-03-23T06:56:47.363783,indiacode
ITA,Information Technology Act 2000,,80,"Section 80. Power of police officer and other officers to enter, search, etc.",https://indiacode.nic.in/show-data?abv=CEN&statehandle=123456789/1362&actid=AC_CEN_45_76_00001_200021_1517807324077&sectionId=13116&sectionno=80&orderno=107&orgactid=AC_CEN_45_76_00001_200021_1517807324077,False,2026-03-23T06:56:47.363783,indiacode
ITA,Information Technology Act 2000,,81,Section 81. Act to have overriding effect.,https://indiacode.nic.in/show-data?abv=CEN&statehandle=123456789/1362&actid=AC_CEN_45_76_00001_200021_1517807324077&sectionId=13117&sectionno=81&orderno=108&orgactid=AC_CEN_45_76_00001_200021_1517807324077,False,2026-03-23T06:56:47.363783,indiacode
ITA,Information Technology Act 2000,,81A,Section 81A. Application of the Act to electronic cheque and truncated cheque.,https://indiacode.nic.in/show-data?abv=CEN&statehandle=123456789/1362&actid=AC_CEN_45_76_00001_200021_1517807324077&sectionId=13118&sectionno=81A&orderno=109&orgactid=AC_CEN_45_76_00001_200021_1517807324077,False,2026-03-23T06:56:47.363783,indiacode
ITA,Information Technology Act 2000,,82,"Section 82. Controller, Deputy Controller and Assistant Controller to be public servants.",https://indiacode.nic.in/show-data?abv=CEN&statehandle=123456789/1362&actid=AC_CEN_45_76_00001_200021_1517807324077&sectionId=13119&sectionno=82&orderno=110&orgactid=AC_CEN_45_76_00001_200021_1517807324077,False,2026-03-23T06:56:47.363783,indiacode
ITA,Information Technology Act 2000,,83,Section 83. Power to give directions.,https://indiacode.nic.in/show-data?abv=CEN&statehandle=123456789/1362&actid=AC_CEN_45_76_00001_200021_1517807324077&sectionId=13120&sectionno=83&orderno=111&orgactid=AC_CEN_45_76_00001_200021_1517807324077,False,2026-03-23T06:56:47.363783,indiacode
ITA,Information Technology Act 2000,,84,Section 84. Protection of action taken in good faith.,https://indiacode.nic.in/show-data?abv=CEN&statehandle=123456789/1362&actid=AC_CEN_45_76_00001_200021_1517807324077&sectionId=13121&sectionno=84&orderno=112&orgactid=AC_CEN_45_76_00001_200021_1517807324077,False,2026-03-23T06:56:47.363783,indiacode
ITA,Information Technology Act 2000,,84A,Section 84A. Modes or methods for encryption.,https://indiacode.nic.in/show-data?abv=CEN&statehandle=123456789/1362&actid=AC_CEN_45_76_00001_200021_1517807324077&sectionId=13122&sectionno=84A&orderno=113&orgactid=AC_CEN_45_76_00001_200021_1517807324077,False,2026-03-23T06:56:47.363783,indiacode
ITA,Information Technology Act 2000,,84B,Section 84B. Punishment for abetment of offences.,https://indiacode.nic.in/show-data?abv=CEN&statehandle=123456789/1362&actid=AC_CEN_45_76_00001_200021_1517807324077&sectionId=13123&sectionno=84B&orderno=114&orgactid=AC_CEN_45_76_00001_200021_1517807324077,False,2026-03-23T06:56:47.363783,indiacode
ITA,Information Technology Act 2000,,84C,Section 84C. Punishment for attempt to commit offences.,https://indiacode.nic.in/show-data?abv=CEN&statehandle=123456789/1362&actid=AC_CEN_45_76_00001_200021_1517807324077&sectionId=13124&sectionno=84C&orderno=115&orgactid=AC_CEN_45_76_00001_200021_1517807324077,False,2026-03-23T06:56:47.363783,indiacode
ITA,Information Technology Act 2000,,85,Section 85. Offences by companies.,https://indiacode.nic.in/show-data?abv=CEN&statehandle=123456789/1362&actid=AC_CEN_45_76_00001_200021_1517807324077&sectionId=13125&sectionno=85&orderno=116&orgactid=AC_CEN_45_76_00001_200021_1517807324077,False,2026-03-23T06:56:47.363783,indiacode
ITA,Information Technology Act 2000,,86,Section 86. Removal of difficulties.,https://indiacode.nic.in/show-data?abv=CEN&statehandle=123456789/1362&actid=AC_CEN_45_76_00001_200021_1517807324077&sectionId=13126&sectionno=86&orderno=117&orgactid=AC_CEN_45_76_00001_200021_1517807324077,False,2026-03-23T06:56:47.363783,indiacode
ITA,Information Technology Act 2000,,87,Section 87. Power of Central Government to make rules.,https://indiacode.nic.in/show-data?abv=CEN&statehandle=123456789/1362&actid=AC_CEN_45_76_00001_200021_1517807324077&sectionId=13127&sectionno=87&orderno=118&orgactid=AC_CEN_45_76_00001_200021_1517807324077,False,2026-03-23T06:56:47.363783,indiacode
ITA,Information Technology Act 2000,,88,Section 88. Constitution of Advisory Committee.,https://indiacode.nic.in/show-data?abv=CEN&statehandle=123456789/1362&actid=AC_CEN_45_76_00001_200021_1517807324077&sectionId=13128&sectionno=88&orderno=119&orgactid=AC_CEN_45_76_00001_200021_1517807324077,False,2026-03-23T06:56:47.363783,indiacode
ITA,Information Technology Act 2000,,89,Section 89. Power of Controller to make regulations.,https://indiacode.nic.in/show-data?abv=CEN&statehandle=123456789/1362&actid=AC_CEN_45_76_00001_200021_1517807324077&sectionId=13129&sectionno=89&orderno=120&orgactid=AC_CEN_45_76_00001_200021_1517807324077,False,2026-03-23T06:56:47.363783,indiacode
ITA,Information Technology Act 2000,,90,Section 90. Power of State Government to make rules.,https://indiacode.nic.in/show-data?abv=CEN&statehandle=123456789/1362&actid=AC_CEN_45_76_00001_200021_1517807324077&sectionId=13130&sectionno=90&orderno=121&orgactid=AC_CEN_45_76_00001_200021_1517807324077,False,2026-03-23T06:56:47.363783,indiacode
ITA,Information Technology Act 2000,,91,Section 91. [Omitted.].,https://indiacode.nic.in/show-data?abv=CEN&statehandle=123456789/1362&actid=AC_CEN_45_76_00001_200021_1517807324077&sectionId=13131&sectionno=91&orderno=122&orgactid=AC_CEN_45_76_00001_200021_1517807324077,False,2026-03-23T06:56:47.363783,indiacode
ITA,Information Technology Act 2000,,92,Section 92. [Omitted.].,https://indiacode.nic.in/show-data?abv=CEN&statehandle=123456789/1362&actid=AC_CEN_45_76_00001_200021_1517807324077&sectionId=13132&sectionno=92&orderno=123&orgactid=AC_CEN_45_76_00001_200021_1517807324077,False,2026-03-23T06:56:47.363783,indiacode
ITA,Information Technology Act 2000,,93,Section 93. [Omitted.].,https://indiacode.nic.in/show-data?abv=CEN&statehandle=123456789/1362&actid=AC_CEN_45_76_00001_200021_1517807324077&sectionId=13133&sectionno=93&orderno=124&orgactid=AC_CEN_45_76_00001_200021_1517807324077,False,2026-03-23T06:56:47.363783,indiacode
ITA,Information Technology Act 2000,,94,Section 94. [Omitted.].,https://indiacode.nic.in/show-data?abv=CEN&statehandle=123456789/1362&actid=AC_CEN_45_76_00001_200021_1517807324077&sectionId=13134&sectionno=94&orderno=125&orgactid=AC_CEN_45_76_00001_200021_1517807324077,False,2026-03-23T06:56:47.363783,indiacode
ITA,Information Technology Act 2000,,1,Schedule 1. THE FIRST SCHEDULE.,#collapsezainbelowsection1,False,2026-03-23T06:56:47.363783,indiacode
ITA,Information Technology Act 2000,,2,Schedule 2. THE SECOND SCHEDULE.,#collapsezainbelowsection2,False,2026-03-23T06:56:47.363783,indiacode
ITA,Information Technology Act 2000,,3,Schedule 3. THE THIRD SCHEDULE,#collapsezainbelowsection3,False,2026-03-23T06:56:47.363783,indiacode
ITA,Information Technology Act 2000,,4,Schedule 4. THE FOURTH SCHEDULE,#collapsezainbelowsection4,False,2026-03-23T06:56:47.363783,indiacode
